[
    {"time": 1, "id": "Wall_1", "cloudPoints": [[0.1176, 3.6969, 0.104], [0.11362, 3.6039, 0.104]]},
    {"time": 4, "id": "Wall_3", "cloudPoints": [[3.0451, -0.38171, 0.104], [3.0637, -0.17392, 0.104]]},
    {"time": 4, "id": "Chair_Base_1", "cloudPoints": [[1.9834, -1.0048, 0.104], [1.7235, -0.71784, 0.104]]},
    {"time": 6, "id": "Wall_4", "cloudPoints": [[-2.5367, -3.3341, 0.104], [1.7926, -3.6804, 0.104]]},
    {"time": 6, "id": "Circular_Base_1", "cloudPoints": [[0.73042, -1.1781, 0.104], [0.49003, -1.1433, 0.104]]},
    {"time": 7, "id": "Door", "cloudPoints": [[0.5, -2.1, 0.104], [0.8, -2.3, 0.104]]},
    {"time": 8, "id": "Wall_5", "cloudPoints": [[-3.6427, -1.071, 0.104], [-3.7119, -1.0673, 0.104]]},
    {"time": 10, "id": "Wall_1", "cloudPoints": [[0.5, 3.9, 0.104], [0.2, 3.7, 0.104]]},
    {"time": 12, "id": "Wall_3", "cloudPoints": [[3.1, -0.4, 0.104], [3.2, -0.2, 0.104]]},
    {"time": 14, "id": "Wall_5", "cloudPoints": [[-3.6, -1.0, 0.104], [-3.7, -1.1, 0.104]]},
    {"time": 16, "id": "Wall_4", "cloudPoints": [[-2.5, -3.3, 0.104], [1.8, -3.6, 0.104]]},
    {"time": 18, "id": "Chair_Base_1", "cloudPoints": [[1.9, -1.0, 0.104], [1.7, -0.7, 0.104]]},
    {"time": 20, "id": "Circular_Base_1", "cloudPoints": [[0.6, -0.9, 0.104], [0.3, -1.2, 0.104]]}
]
